time,module,step,status,message
2026-04-10 09:56:40 PHT,Check if Request for Complimentary Evaluation section is present, ,INFO,START
2026-04-10 09:56:48 PHT,https://purdue.ltcrplus.com/,Navigate through Advice and Counseling,PASS,PASS
2026-04-10 09:56:51 PHT,https://purdue.ltcrplus.com/,Navigate through Care Navigation,PASS,PASS
2026-04-10 09:56:53 PHT,https://purdue.ltcrplus.com/,Navigate through Claims Assistance,PASS,PASS
2026-04-10 09:56:56 PHT,https://purdue.ltcrplus.com/,Navigate through Maximize Benefits,PASS,PASS
2026-04-10 09:56:58 PHT,https://purdue.ltcrplus.com/,Navigate through Online Legal Benefits,PASS,PASS
2026-04-10 09:57:00 PHT,https://purdue.ltcrplus.com/,Navigate through Contact Us,PASS,PASS
2026-04-10 09:57:23 PHT,https://purdue.ltcrplus.com/,Navigate through Care Discounts,FAIL,"locator.click: Target page, context or browser has been closed
Call log:
[2m  - waiting for getByRole('link', { name: 'Login' })[22m
"